Name of Village,Property Type,Owner / Co,Select,Price Low Season," Whatsapp ",Line,"Facebook ","Original Post Facebook ",My Post,Price High season,Sale Price,"Description ",Created time,Listing Status,Files & media,Location
thalang,Pool Villa,https://www.facebook.com/profile.php?id=100068841575401&__cft__[0]=AZX1amKjhVRTtmErpVGLW_bA5k42EwFvhggSY8FzdlNCttOvdz40-qBRmfm-hhhRZJxhNylymNL1A0Y5eRKqO5DsNoQZtj7ADolWzdSEUtsPxogt22KZYkgqQ7jESW1tT3EB7ut9mEP12TiwqKcj1KqjfWeYAYQAIc8FAkNUlFbLyd6JtCIcCckmG7K6fedgM7c&__tn__=-UC%2CP-R,owner,-,,,https://www.facebook.com/profile.php?id=100068841575401&__cft__[0]=AZX1amKjhVRTtmErpVGLW_bA5k42EwFvhggSY8FzdlNCttOvdz40-qBRmfm-hhhRZJxhNylymNL1A0Y5eRKqO5DsNoQZtj7ADolWzdSEUtsPxogt22KZYkgqQ7jESW1tT3EB7ut9mEP12TiwqKcj1KqjfWeYAYQAIc8FAkNUlFbLyd6JtCIcCckmG7K6fedgM7c&__tn__=-UC%2CP-R,https://www.facebook.com/share/p/174pE9MCqU/,https://www.facebook.com/share/p/19ojJ2F4xd/,,6.99MB 5%,,"September 25, 2025 10:15 AM",Not started,,https://l.facebook.com/l.php?u=https%3A%2F%2Fmaps.app.goo.gl%2F7ZVnfeYEFecgK9dL6%3Fg_st%3Dcom.google.maps.preview.copy%26fbclid%3DIwZXh0bgNhZW0CMTAAYnJpZBExUHI0NHoxWjJtQUhveFZOaAEePk4bo60AVlZg2zNFWlw1eX_00v8fZd0sxnhuBWr4SamMnh_6Mqogu58ymaY_aem_kjBIgPomuKEKNcX_Pn0H-g&h=AT3biGM40EGeagbQoq1iuM5CgELecJTtw43UX-vULOcm7TD15z9X2Yst2QR4eJ50uECmuE6gvzCDaKddMhmA76oIqrO3IZ3EaCISdMG93eTDaEIfAy4AqispFgAbic1Fu6Wf-4lAasjOQ-L1WjZpew
Robinson1min,House,https://www.facebook.com/groups/598821800173652/user/100003649922444/?__cft__[0]=AZWPOAmQaHypYWqMaZQsA05pDpWBaLrchKPX5g7iJafKvimJ41cclR8xmfmwTq04B-am9GZJJ8717Vkq3n1S9R324wSnd62qMgJHgXr6eYUCj0WpBaLFdE4LlGVIgFDmFmD61EdE1DKpjAu0r1ocLWBQpm9a5RU8TK9BOZ27pOdLY7hxTOBzR1r1Jf82bIziW3pbfJ0Owz0fHhMcCYOkQT4_oFFgKFFHSvlX3405aIsdUg&__tn__=-UC%2CP-y-R,owner,26K,095-263-4858,,https://www.facebook.com/groups/598821800173652/user/100003649922444/?__cft__[0]=AZWPOAmQaHypYWqMaZQsA05pDpWBaLrchKPX5g7iJafKvimJ41cclR8xmfmwTq04B-am9GZJJ8717Vkq3n1S9R324wSnd62qMgJHgXr6eYUCj0WpBaLFdE4LlGVIgFDmFmD61EdE1DKpjAu0r1ocLWBQpm9a5RU8TK9BOZ27pOdLY7hxTOBzR1r1Jf82bIziW3pbfJ0Owz0fHhMcCYOkQT4_oFFgKFFHSvlX3405aIsdUg&__tn__=-UC%2CP-y-R,https://www.facebook.com/share/p/1H1LoUAQEp/,,,,,"September 19, 2025 7:11 PM",Not started,,https://maps.app.goo.gl/jJ3VoKmVGndoYgQy9?fbclid=IwZXh0bgNhZW0CMTAAYnJpZBExQ2d0SkxzZm5aa2o2R2JiSQEe0CYb1kVtnNvgKW0fcC8ueZm9gMlMbp4kPw55vNeO5-eKtyjqEfefyqsaF_s_aem_5v9tT9SsUm2pNShDm-CX9w
supalai primo,House,https://www.facebook.com/groups/598821800173652/user/100014575069103/?__tn__=-UC*F,owner,28K,,,https://www.facebook.com/groups/598821800173652/user/100014575069103/?__tn__=-UC*F,https://www.facebook.com/share/p/18rLFq9Yp9/,https://www.facebook.com/share/p/1BPyjqrnFS/,,,"🏡 House for Rent – Ready to Move In
📍 Supalai Primo Anusawari Village
Opposite Thai Watsadu
✨ 2-Storey Townhouse
🛏️ 3 Bedrooms
🛁 3 Bathrooms
❄️ 4 Air Conditioners
🌐 Free Wi-Fi
🚘 Parking space for 2 cars in front of the house
🏠 North-facing house, cool and comfortable atmosphere
🚫 Pets are not allowed
💰 28,000 THB / Month
📄 1-Year Lease
🔒 2 Months Deposit + 1 Month Advance Rent
Perfect for families looking for a comfortable home in a convenient location ✨
📩 สนใจเข้าชมบ้านส่วนตัว กรุณาติดต่อ K.Thanya
📱 Whatsapp: wa.me/66659594299
📲 LINE ID: https://line.me/ti/p/7Cr_f-bvBX
📘 Facebook: https://www.facebook.com/share/17zfFD16u2/?mibextid=wwXIfr
#HouseForRent #TownhouseForRent #SupalaiPrimo #PhuketProperty #LongTermRental #PhuketLiving #ThailandProperty","May 19, 2026 11:10 AM",Not started,,
Somboonsab Village,House,https://www.facebook.com/groups/488070912013124/user/100003174009632/?__cft__[0]=AZZt3cVrpE8TguryllxqBuJPsW9azU66dcz1Udcx6jbSrMDvhUp4ExJ-lR87aEhJrfHTqCuAjOlTho4RH75p07AkLp6rxiKQjkiU-vE-J9oBlI8o1BXH-n5qF7xnaqqTQ_DU9uX4kkoVZGUOvi7phVEQfRe5cgXuk4PNu9FwpOYU7BmabCUtDSdLexHDfeEtT2nxpuhkYfi4OvJFj5sYgALhh8uob-8KRgKU_Cr2QuMjhA&__tn__=-UC%2CP-y-R,owner,29K,,,https://www.facebook.com/groups/488070912013124/user/100003174009632/?__cft__[0]=AZZt3cVrpE8TguryllxqBuJPsW9azU66dcz1Udcx6jbSrMDvhUp4ExJ-lR87aEhJrfHTqCuAjOlTho4RH75p07AkLp6rxiKQjkiU-vE-J9oBlI8o1BXH-n5qF7xnaqqTQ_DU9uX4kkoVZGUOvi7phVEQfRe5cgXuk4PNu9FwpOYU7BmabCUtDSdLexHDfeEtT2nxpuhkYfi4OvJFj5sYgALhh8uob-8KRgKU_Cr2QuMjhA&__tn__=-UC%2CP-y-R,https://www.facebook.com/groups/488070912013124/permalink/2211397226347142/,https://www.facebook.com/share/p/18ZUN6o6a3/,,,"🏠 Fully Furnished House for Rent
✨ Sombunsub Village, Thalang ✨
💰 Only 29,000 THB/month (Yearly Contract)
A cozy and fully furnished home in a peaceful area of Thalang — convenient access to Phuket Town, Laguna, Bang Tao, and major shopping centers.
📍 Nearby Locations
• 2 mins to Bang Maruan Reservoir
• 10 mins to Thai Watsadu Thalang
• 15 mins to Robinson & Makro Thalang
• 15 mins to Laguna, Blue Tree, Cherngtalay, Bang Tao & Layan Beach
• 20 mins to Phuket Town
🏡 Property Details
• 2 Bedrooms
• 2 Bathrooms
• 1 Living Room
• 1 Kitchen
• 1 Parking Space
📐 Land Area: 182 sq.m.
❄️ Appliances & Features
• Air conditioners & water heaters in every room
• Fully equipped kitchen
• Built-in gas stove & kitchen counter
• Dining table set
• TOSHIBA refrigerator (14.5 cu.ft.)
• Complete kitchenware
• WiFi included ✅
• Small pets allowed 🐶✅
🛋️ Living Room
• Comfortable sofa set
• 55” Smart TV
• Large inverter air conditioner (18,000 BTU)
👕 Additional Area
• Laundry & drying space behind the house
🏊 Project Facilities
• Swimming Pool
• Fitness Center
• Tennis Court
• 24-Hour Security System
⚠️ Water & electricity charged at government rates
📩 Contact K.Thanya for private viewing
📱 Whatsapp: wa.me/66659594299
📲 LINE ID: https://line.me/ti/p/7Cr_f-bvBX
📘 Facebook Page: https://www.facebook.com/share/17zfFD16u2/?mibextid=wwXIfr
#HouseForRent #PhuketHouse #Thalang #PhuketRental #BangTao #LagunaPhuket #Cherngtalay #PhuketLiving #PhuketProperty #PhuketRealEstate #RentPhuket #PetFriendly #FullyFurnished #ThailandProperty","May 19, 2026 7:13 PM",Not started,,
I-Leaf Town 2,House,https://www.facebook.com/groups/814753485320393/user/100002522695202/?__cft__[0]=AZX-8um9SZs_poMrtMOx1C9rJst2AfJDZnhBc8iHjxR7zhQFE4EwssGwi-C0r17TqEO4wodrZ9B4yhg9c2ihrIbPrEDaF7QdqNJPgbRQXJIp98JS-czkJ4QGDqxaPDq7Jwrff0mCxCXqxtRj0gLm13utLNc4PQ9lBah_Y9HLzADQ2w&__tn__=%2CP-R ,owner,30K,,,https://www.facebook.com/groups/814753485320393/user/100002522695202/?__cft__[0]=AZX-8um9SZs_poMrtMOx1C9rJst2AfJDZnhBc8iHjxR7zhQFE4EwssGwi-C0r17TqEO4wodrZ9B4yhg9c2ihrIbPrEDaF7QdqNJPgbRQXJIp98JS-czkJ4QGDqxaPDq7Jwrff0mCxCXqxtRj0gLm13utLNc4PQ9lBah_Y9HLzADQ2w&__tn__=%2CP-R ,https://www.facebook.com/share/p/1CWhuU2CTD/,,,,,"September 24, 2025 7:20 PM",Not started,,
the wish3,House,https://www.facebook.com/groups/598821800173652/user/100001039832929/?__cft__[0]=AZbz0MgAPIZeLh0yiUGpQGTBYVA1fgcF584GqmDFGHhqoyQKfG_tnUTt3KNvLVluqEFXvZLS1T4587gIBLvna_kPlSZRZ8VlemJ2Wy8loLBuilpMGwS3li3kY3MY2tFz46kQh-gwkRnxXZM0yc6Jbz3qz7WcWW0YFwHgxYFm6N9VGQ&__tn__=%2CP-R ·,owner,32K,061-1761218,,https://www.facebook.com/groups/598821800173652/user/100001039832929/?__cft__[0]=AZbz0MgAPIZeLh0yiUGpQGTBYVA1fgcF584GqmDFGHhqoyQKfG_tnUTt3KNvLVluqEFXvZLS1T4587gIBLvna_kPlSZRZ8VlemJ2Wy8loLBuilpMGwS3li3kY3MY2tFz46kQh-gwkRnxXZM0yc6Jbz3qz7WcWW0YFwHgxYFm6N9VGQ&__tn__=%2CP-R ·,https://www.facebook.com/share/p/1GvDmsuRvF/,https://www.facebook.com/share/p/17xoVqa62s/,,,"🏡 FOR RENT | The Wish 3 – Pa Khlok, Phuket

✨ Brand-new house – Never rented before
Perfect for families, digital nomads, or long-stay expats looking for peaceful living in Pa Khlok.
🏠 Property Details
• 🛏 3 Bedrooms

• 🚿 3 Bathrooms

• 🛋 2 Fully furnished bedrooms

• 💻 1 Home office room

• 🚿 2 Water heaters
🧰 Appliances & Furniture
• ❄️ 3 Air conditioners

• 📺 Television

• 🧊 Refrigerator

• 🛏 Beds & mattresses

• 👕 Wardrobes

• 🧺 Washing machine
Move-in ready ✅
🌿 Project Facilities
• 🏊‍♂️ Swimming pool

• 🏋️‍♀️ Fitness center

• 👶 Children’s playground

• 🔐 24-hour security
Safe, quiet, and family-friendly environment.
📅 Rental Terms
(Short-term & Long-term Available)
• 🔹 1 Month: 50,000 THB

• 🔹 3 Months: 40,000 THB / month

• 🔹 6 Months: 35,000 THB / month

• 🔹 1 Year: 32,000 THB / month
✅ Rental price includes common area fees & Wi-Fi
📩 Private viewing only – Contact K.Thanya

📱 WhatsApp: wa.me/66659594299

📲 LINE ID: https://line.me/ti/p/7Cr_f-bvBX
Facebook Page:
https://www.facebook.com/share/17zfFD16u2/?mibextid=wwXIfr
#PaKhlokRental #TheWish3 #PhuketHouseForRent #PhuketRental #FamilyHomePhuket #PhuketExpatLiving #PhuketProperty #HouseForRentPhuket","February 24, 2026 12:02 PM",Not started,,
สินดุสิตธานี,House,https://www.facebook.com/groups/1857287744498018/user/100013810151583/?__cft__[0]=AZU_UZEAcExWQFYADxlmiHWa6BbAxoKxy5FRDNf0TSOJvCI26hWBvdlY1SKuelZzGcHR9NJ9Q2zqK6cVbEqMVeEUA1Cfk7dg9eCshicacYSs-kycACC8iIYU6wgr4VdtXMHcjUhJ6zJsJLxLZxz6ZH1L&__tn__=%2CP-R ,owner,32K pet 35K,,ว่างกันยา,https://www.facebook.com/groups/1857287744498018/user/100013810151583/?__cft__[0]=AZU_UZEAcExWQFYADxlmiHWa6BbAxoKxy5FRDNf0TSOJvCI26hWBvdlY1SKuelZzGcHR9NJ9Q2zqK6cVbEqMVeEUA1Cfk7dg9eCshicacYSs-kycACC8iIYU6wgr4VdtXMHcjUhJ6zJsJLxLZxz6ZH1L&__tn__=%2CP-R ,https://www.facebook.com/groups/1857287744498018/permalink/4543901282503304,https://www.facebook.com/share/1a7aUAfQmR/,,,"🏡 House for Rent – Sinsuk Thani Village
💸 Rental Price:
• 35,000 THB/month (Pet Friendly)
• 32,000 THB/month (No Pets)
✨ Property Details
• Land Area: 57 sq.wah (220 sqm)
• 3 Bedrooms (2 furnished)
• 2 Bathrooms (spacious, with water heater & rain shower)
• Living Room with Sofa & Dining Set
• Large Kitchen (no gas stove, includes refrigerator & microwave)
Tenant may decorate/customize
• Laundry Area with Roof Cover, Clothes Drying Space
• 1,000L Water Tank + Pump
• 3 Air Conditioners (2 in bedrooms + 1 large unit in living room)
📍 Location:

Sinsuk Thani Village, House No. 3/268","September 8, 2025 8:12 PM",Not started,,
primo,House,https://www.facebook.com/groups/1380025135499614/user/100003031410320/?__cft__[0]=AZYdrQSrtFw0AZ06ATu1ICin050W2GSBZS9I0kV16YbmuUG7PDRSTNaRvxUAVb3OEYeQBv2nKLi-6Mm9qV6l6O2_uf19zO6uMGCYwD2UeESFjfsUkmPiXaXMQXKX7ZzXJEZ21H6WxG19bKBz5naOcXfx3ae4sO7DXxFCMmEA9VhUCg&__tn__=%2CP-R ·,owner,35K,,,https://www.facebook.com/groups/1380025135499614/user/100003031410320/?__cft__[0]=AZYdrQSrtFw0AZ06ATu1ICin050W2GSBZS9I0kV16YbmuUG7PDRSTNaRvxUAVb3OEYeQBv2nKLi-6Mm9qV6l6O2_uf19zO6uMGCYwD2UeESFjfsUkmPiXaXMQXKX7ZzXJEZ21H6WxG19bKBz5naOcXfx3ae4sO7DXxFCMmEA9VhUCg&__tn__=%2CP-R ,https://www.facebook.com/share/p/1Bgyt14a43/,https://www.facebook.com/share/p/1K3caAfud2/,ว่างสิงหา,,"Available Now | Townhouse for Rent – Supalai Primo, Thalang (Near Monument) 🏡
Modern and spacious townhouse in a convenient location, perfect for families, foreigners, or a home office setup.
Rental Price:

💰 35,000 THB / month

🔐 Security deposit: 2 months

📑 Contract: 6 months or 1 year
Property Details:

• 2-storey townhouse

• 3 Bedrooms

• 3 Bathrooms

• Spacious living room

• 1 Kitchen

• 1 Garage + parking for 2 cars
Location:

📍 Supalai Primo, Thalang, Phuket

Easy access to main roads, close to community amenities, schools, and hospitals.
Ideal for:

✅ Families

✅ Foreign residents

✅ Home office use
📩 For private viewing, please contact K.Thanya

📱 Whatsapp: wa.me/66659594299

📲 LINE ID: https://line.me/ti/p/7Cr_f-bvBX

🔗 Facebook Page: https://www.facebook.com/share/17zfFD16u2/?mibextid=wwXIfr
#PhuketRental #TownhouseForRent #SupalaiPrimo #PhuketProperty #PhuketLiving #ThalangPhuket #HomeOfficePhuket #FamilyHomePhuket #PhuketRealEstate #ThailandProperty","December 29, 2025 9:48 PM",Not started,,
thalang,House,https://www.facebook.com/groups/1380025135499614/user/100001444080970/?__cft__[0]=AZUCDMCPa7r8fzqe754f7okoa4wBZkxhhdCrGKWxBqS8rPkU1KmRUfmXJMI11TeKr2RfOX2VLuhIXk1G4N9qPmDMln1ypAJFUNuf2VVI3mu7sv35EHkcFU3x8taodfQxzKjoXP7JZMrc0yKpvM2uevbaG7qkQXOpyJgpPv5siKD_xpI3AEHw1lagFoyH56RqoRb3N5RRXuzL8ZrjJaFcllBfeXiPSASSA5Mq0K82wk6EUw&__tn__=-UC*F,owner,35K,,,https://www.facebook.com/groups/1380025135499614/user/100001444080970/?__cft__[0]=AZUCDMCPa7r8fzqe754f7okoa4wBZkxhhdCrGKWxBqS8rPkU1KmRUfmXJMI11TeKr2RfOX2VLuhIXk1G4N9qPmDMln1ypAJFUNuf2VVI3mu7sv35EHkcFU3x8taodfQxzKjoXP7JZMrc0yKpvM2uevbaG7qkQXOpyJgpPv5siKD_xpI3AEHw1lagFoyH56RqoRb3N5RRXuzL8ZrjJaFcllBfeXiPSASSA5Mq0K82wk6EUw&__tn__=-UC*F,https://www.facebook.com/share/p/19mPbpd2eV/,https://www.facebook.com/share/1BUVrwUBaP/,,,,"October 24, 2025 9:45 PM",Not started,,
สาคู/naiyang,House,https://www.facebook.com/marketplace/profile/61554730017939/?product_id=1502256377595301,owner,35K,+66 932 587710 (Fah),,https://www.facebook.com/marketplace/profile/61554730017939/?product_id=1502256377595301,https://www.facebook.com/marketplace/item/1502256377595301/?referralSurface=messenger_banner&referralCode=2,https://www.facebook.com/commerce/listing/634886076344443/?media_id=0&ref=share_attachment,,,,"September 11, 2025 2:54 PM",Not started,,
Thalang,House,May,owner,35K,,,,,https://www.facebook.com/share/p/19yA7Jhdfk/,,," House for Rent – 35,000 THB/month | Pet-friendly   Wongchalerm Garden Ville, Thalang, Phuket(Direct to owner) Property Details: Land: 176 Sq.m. 3 Bedrooms | 2 Bathrooms Fully Furnished Free Wi-Fi Pet-friendly  Up to 6 people allowed Sublease permitted Rental Terms: 2-Month Security Deposit 1-Month Advance Payment Electricity & Water – Government Rate Nearby Locations: Phuket Airport – 10 mins Nai Yang Beach – 10 mins Mai Khao Beach – 15 mins Bangtao Beach – 25 mins Surin Beach – 30 mins UWC Thailand – 10 mins Thanyapura – 10 mins Super Cheap / 7-Eleven / PTT – 5 mins Cherngtalay – 25 mins For private viewing, please contact K.Thanya Whatsapp: https://l.facebook.com/l.php?u=https%3A%2F%2Fwa.me%2F66659594299%3Ffbclid%3DIwZXh0bgNhZW0CMTAAYnJpZBExNU1jbzAwRERpN1Z5UnZQTQEe2EQ0u8M1Fyikw1j-qUk8rcqvey3qg9_K-bhzUGzQ7tqt7FY70CXIHpnaExo_aem_5YW_8Of4Jvxp0noGeC4bOg&h=AT3S1oRFbiamH5aItrVpr5VAzPmc7zmTThdchFBLtIcLpPMXwbluFTgU10SVUtzkuwa2231S3EweCcqZLlJLat-j9OpeQ9XNIFsWPkfyNyoVDwxnTjaXl69E6BGCEkrjL7wLA4t4K1W5lPQdrjk_&__tn__=-UK-R&c[0]=AT1ekEWKpYHGagtCl7_g6jr8ZXdvY9EE6Ww_BJne0dIKj40NlhdDkizqhltI6CB_DjZr6z3winMIFZtgnLI6kgfrySfgBTtirYFIxDJ1LkBfSEh_fLVu1tye3gYGfzxkN-ISaRywdqwyinNVgntdKh_gIpOyc2sAphXUi9BCHaJd6JDUgt2uN75hQ8kN LINE: https://l.facebook.com/l.php?u=https%3A%2F%2Fline.me%2Fti%2Fp%2F7Cr_f-bvBX%3Ffbclid%3DIwZXh0bgNhZW0CMTAAYnJpZBExNU1jbzAwRERpN1Z5UnZQTQEeiCoS-OYiLeYgbnRyNkTlIO4seywdI8Rmf8-40IZn9VZ_EpezqNu8rL10ln4_aem_1VG0NY42TYrnlFy8dDpy2A&h=AT3TcQdBPiK9kWvUugE6Zt5qSV7ZFiHqh7JwnkguUW10axKDltlalsHU85hhWKar7mEL69eRy75Zqrg5ut-i6RVc1iemF9k6butts03WoMQl0QVmVWT9WNDyCJebjm1XittYXPR76Z2AQ3GjPnDe&__tn__=-UK-R&c[0]=AT1ekEWKpYHGagtCl7_g6jr8ZXdvY9EE6Ww_BJne0dIKj40NlhdDkizqhltI6CB_DjZr6z3winMIFZtgnLI6kgfrySfgBTtirYFIxDJ1LkBfSEh_fLVu1tye3gYGfzxkN-ISaRywdqwyinNVgntdKh_gIpOyc2sAphXUi9BCHaJd6JDUgt2uN75hQ8kN#PhuketHouseForRent #ThalangPhuket #PetFriendlyPhuket #PhuketRental #PhuketLiving #ThailandProperty #PhuketVilla #HouseForRentPhuket","September 8, 2025 12:01 PM",Available,,
Primo Thalang,House,,owner,38,,,,https://www.facebook.com/share/p/1D4qSvxJyi/,https://www.facebook.com/share/p/16ZXZMDhgG/,ว่างสิงหา,,"Available Now | Townhouse for Rent – Supalai Primo, Near Monument (Thalang, Phuket)
🏡 Modern 2-storey townhouse in a convenient and family-friendly community.
💰 Rental Price: 38,000 THB / month

🔐 Deposit: 2 months

📑 Contract: 6 months or 1 year
Property Details:

• 2-storey townhouse

• 3 Bedrooms

• 3 Bathrooms

• Spacious living room

• 1 Kitchen

• 1 Garage with parking for up to 2 cars
📍 Location: Supalai Primo Thalang, Phuket

Close to schools, hospitals, and community amenities. Easy access to main roads.
✅ Ideal for families

✅ Foreigners welcome

✅ Suitable for home office
📩 For private viewings, please contact K.Thanya

📱 Whatsapp: wa.me/66659594299

📲 LINE ID: https://line.me/ti/p/7Cr_f-bvBX

🔗 Facebook Page: https://www.facebook.com/share/17zfFD16u2/?mibextid=wwXIfr
#TownhouseForRentPhuket #SupalaiPrimo #PhuketRental #ThalangPhuket #PhuketLiving #HomeOfficePhuket #FamilyHomePhuket #PhuketProperty #PhuketRealEstate","December 19, 2025 12:04 PM",Not started,,
Bella,House,ยุ,owner,40 50K,,ยุ,,,https://www.facebook.com/share/p/1CxpsErZzM/,,,"🏡 House for Rent – Supalai Bella Thalang, Phuket
🛏 3 Bedrooms
🛁 2 Bathrooms
🍽 1 Kitchen
🧺 1 Laundry Room
🚗 Parking for 2 Cars
🪑 Fully Furnished
💰 Rental Price
50,000 THB per month (Negotiable)
1-year contract
2 months security deposit + 1 month rent in advance
⚠️ Policy
No pets allowed
📩 Contact
Please contact K. Thanya for a private viewing.

Whatsapp: wa.me/66659594299

LINE: https://line.me/ti/p/7Cr_f-bvBX
#PhuketHouseForRent #SupalaiBella #ThalangPhuket #PhuketRental #PhuketProperty #PhuketRealEstate #PhuketLiving #PhuketHomes #MoveToPhuket","November 17, 2025 6:20 PM",Not started,,
"บ้านสวนอยู่เจริญ 5 ",House,https://www.facebook.com/nipaporn.phetnun?__cft__[0]=AZUppKm09_eXU5RQz3hZzOkYtUPwwznP9zdHIaJI2PxpTSkWjChphY-y1YcctD4jmk969baJ3Ikvcq2wE4yWwiCvPniFrtvM8Bm5dV8uxog2a8WLQ0qpHoC24liKg5sNmlLgDonyAinK0E7kG5pNs5kh55crZpQon19ckCo562zceg&__tn__=-UC%2CP-R,Co,40K,,,https://www.facebook.com/nipaporn.phetnun?__cft__[0]=AZUppKm09_eXU5RQz3hZzOkYtUPwwznP9zdHIaJI2PxpTSkWjChphY-y1YcctD4jmk969baJ3Ikvcq2wE4yWwiCvPniFrtvM8Bm5dV8uxog2a8WLQ0qpHoC24liKg5sNmlLgDonyAinK0E7kG5pNs5kh55crZpQon19ckCo562zceg&__tn__=-UC%2CP-R,https://www.facebook.com/share/p/19tYPGpGUh/,,,5.49 MB,,"October 21, 2025 12:17 PM",Not started,,
Thalang,House,https://www.facebook.com/marketplace/profile/100002821476581/?product_id=516417061206930,owner,40K,,,https://www.facebook.com/marketplace/profile/100002821476581/?product_id=516417061206930,https://www.facebook.com/groups/Phuketbuysellrent/permalink/3107438539436279/,,,,"🏡 2-Bedroom House for Rent at Smileville X2 Bang Jo 🌿✨
📍 Si Sunthon, Cherng Talay, Thalang, Phuket
💸 40,000 THB/month (1-year contract)

💸 45,000 THB/month (6-month contract)
🛏 2 Bedrooms — each with a private bathroom

🛁 3 Bathrooms total

🏠 Fully Furnished | 2 Storeys | 127.6 sq.m
✨ Features:

✅ Wi-Fi included

✅ Washing machine & dryer

✅ Water pump & water heater

✅ Smart TV

✅ Electric stove & kitchen hood

✅ 2 parking spaces

✅ Outdoor area

✅ Air conditioner cleaning service (every 6 months)

🐶🐱 Pet friendly — case by case
📩 For private viewing, please contact:

📱 Whatsapp: https://wa.me/66659594299

📲 LINE: https://line.me/ti/p/7Cr_f-bvBX
🏷️ #PhuketHouseForRent #CherngtalayVilla #BangJoHouse #PhuketLiving #SmilevilleX2 #ThalangPhuket #PetFriendlyPhuket #PhuketRental #VillaForRentPhuket #PhuketHome","September 15, 2025 9:51 PM",Not started,,
Neramit 1,House,https://www.facebook.com/groups/549546995503002/user/100000759303704/?__cft__[0]=AZa0QwIA3R5rVUS3cXieCSb0bSzF9VYdsw8ktpXgL0a6SQBA1e6DgLBA7h0Lpc0WgeQ2ubv-dYKkypAZ118cKTFF2g01SANeqQra75Tr_l56_qJnwcFUgnnjEpIM08YAp2riULuTxJ09F_hI2xP5FT8X0CLPtEciGxdjxhmuSL39fA&__tn__=%2CP-R ,owner,45,,,https://www.facebook.com/groups/549546995503002/user/100000759303704/?__cft__[0]=AZa0QwIA3R5rVUS3cXieCSb0bSzF9VYdsw8ktpXgL0a6SQBA1e6DgLBA7h0Lpc0WgeQ2ubv-dYKkypAZ118cKTFF2g01SANeqQra75Tr_l56_qJnwcFUgnnjEpIM08YAp2riULuTxJ09F_hI2xP5FT8X0CLPtEciGxdjxhmuSL39fA&__tn__=%2CP-R ,https://www.facebook.com/share/p/14bQLTrXPrE/,https://www.facebook.com/share/p/1GVzEutdPw/,,,,"March 28, 2026 11:59 AM",Not started,,
" Supalai Garden Ville",House,Anna WA,owner,45K,+7 911 218-04-67,,,,https://www.facebook.com/share/1TN17nrP4g/,,,"🏡 Supalai Garden Ville – 3(+1) Bedroom Home for Rent in Thalang, Phuket

📍 Location: Thalang, Pakhlok
Quiet, green, and convenient area — only 10 minutes to Nai Thon Beach and Phuket Airport, and 23 minutes to Bangtao.

✨ Property Features:
• Spacious 2-storey home with a private yard and terrace 🌿
• 3 bedrooms + 1 extra room
• 3 bathrooms – ideal for families or remote work
• 2 covered parking spaces
• Whole-house water filtration system (RO) – drink clean water straight from the tap 💧
• Brand-new inverter air conditioners
• Premium LG refrigerator with ice maker + wine bar 🍷
• Free Wi-Fi
• Annual pest control included
• Newly installed carport roof for sun & rain protection
• 24/7 security with on-site guards

💰 Rental Terms:
• Minimum contract: 3 or 6 months
• 45,000 THB / month 1 year lease
• Deposit: 2 months
• Pets friendly (+0.5 month deposit) 🐾

🌅 Move-in ready — just bring your suitcases!

📩 Contact:
Please contact K. Thanya for a private viewing.
📱 Whatsapp: http://wa.me/66659594299
📲 LINE: https://line.me/ti/p/7Cr_f-bvBX

#PhuketHouseForRent #ThalangPhuket #SupalaiGardenVille #PhuketRental #PhuketLiving #PhuketProperty #FamilyHomePhuket #PetFriendlyPhuket #MoveToPhuket #PhuketHomes ","November 22, 2025 10:53 AM",Not started,,
Thalang,House,Swandee Wandee,owner,45K,,,Swandee Wandee,https://www.facebook.com/marketplace/item/24188363167441855/?ref=search&referral_code=null&referral_story_type=post&tracking=browse_serp%3A2cc94e03-928c-4612-bd81-2b1286488eba,https://www.facebook.com/share/1Yn3yxJY4u/,,,"🏡 House for Rent
📍 Supalai Bella, Thalang, Phuket

Spacious and family-friendly home available now in a secure, well-maintained community — perfect for families with children attending international schools nearby.

🛏 3 Bedrooms | 🚿 2 Bathrooms
📐 200 sqm Living Space | 🚗 2 Car Parking Spaces

⸻

🏡 Community Facilities:
✅ 24/7 Security & Gated Access
✅ CCTV Surveillance
✅ Fully Equipped Fitness Center
✅ Children’s Playground

⸻

📅 Available: Now
💰 Monthly Rent: 45,000 THB (1-year lease)

⸻

💡 Included in Rent:
✔️ Professional Garden Maintenance
✔️ Regular Pest Control

🚫 Excluded: Electricity (PEA), Water, Internet

⸻

📍 Nearby Locations:
• UWC Thailand International School – 8 mins
• Thanyapura Health & Sports Center – 8 mins
• Thalang Hospital – 9 mins
• Makro / Lotus’s / HomePro Thalang – 10 mins
• Robinson Lifestyle Thalang – 20 mins
• Central Festival / Central Foresta Phuket – 35 mins
• Nai Thon Beach – 18 mins
• Bang Tao & Laguna – 20 mins
• Surin Beach – 25 mins
• Phuket International Airport – 20 mins

⸻

📩 For private viewing please contact K.Thanya
📱 Whatsapp: http://wa.me/66659594299

📲 LINE: https://line.me/ti/p/7Cr_f-bvBX","September 8, 2025 11:41 AM",Available,,
Supalai Primo Monument Phuket,House,https://www.facebook.com/groups/459730492080939/user/100010091341084/?__cft__[0]=AZW0gfdtZdb9h-mw-UowbhLTxq2UjIc_WuBk2iJfrkqYrTXu5IhhZGczYWDXTrMHkKBVahLzJBjbvcnt9IQegU24BgYyUSG4F7yq1fnCTpCKUDUqkTKC9LOlmbRKYMQw1PAQb6BsEvcT3ecwnSvOZW4e&__tn__=%2CP-R,owner,48K,,_pi_phe,https://www.facebook.com/groups/459730492080939/user/100010091341084/?__cft__[0]=AZW0gfdtZdb9h-mw-UowbhLTxq2UjIc_WuBk2iJfrkqYrTXu5IhhZGczYWDXTrMHkKBVahLzJBjbvcnt9IQegU24BgYyUSG4F7yq1fnCTpCKUDUqkTKC9LOlmbRKYMQw1PAQb6BsEvcT3ecwnSvOZW4e&__tn__=%2CP-R,https://www.facebook.com/groups/459730492080939/permalink/1640725570648086/?rdid=JeF59uF5OGRxS10Q,https://www.facebook.com/share/1AdAK88sUo/,,,"🏡 2-Storey Fully Furnished House for Rent – Thalang, Phuket

💸 Rental Price: 48,000 THB/Month
📆 Contract: 1 Year | Deposit: 2 Months | Advance: 1 Month
🔑 Direct to owner

✨ Property Details

Land Area: 40.2 sq.wah

Living Space: 149 sqm

3 Bedrooms (with A/C + complete bedding set)

3 Bathrooms

1 Multi-purpose Room

Spacious Living Room with A/C

Separated Kitchen (Fully Equipped)

2 Covered Parking Spaces

Solar Rooftop

🛋️ Included Furniture & Appliances (All New):
Smart TV | Refrigerator | Water Heater | Microwave | Oven | Hot Air Oven | Washing Machine | Clothes Dryer | Sink with Water Heater | Rice Cooker | Kettle | Toaster | Sofa Set | Vacuum Cleaner | Clothes Rack

⚡ Free WiFi
💡 Utilities: Water & Electricity (Government Rate)

🌿 Facilities
▪️ CCTV
▪️ Playground
▪️ Garden Park
▪️ 24-hour Security
▪️ Keycard Access

📍 Convenient Location

400 m. Thaiwatsadu Thalang

1.2 km. Robinson Lifestyle Thalang

4.2 km. Lotus’s Thalang

5.8 km. Villa Market Boat Lagoon

7.5 km. Porto de Phuket

7.6 km. IKEA Phuket

16.4 km. Central Phuket

🏫 Nearby Schools: Kajonkiet Thalang (850 m), Finnway International (4.9 km), Rainbow Trout Kindergarten (5.3 km), British International (6.2 km), QSI International (12.2 km), HeadStart International (14.9 km)

🏥 Nearby Hospitals: Thalang Hospital (5.2 km), Bangkok Hospital Phuket (12.6 km), Vachira Hospital (12.7 km)

💦 Not in Flood Zone – Perfect for Families & Long-term Living","September 8, 2025 7:49 PM",Available,,
primo,House,https://www.facebook.com/groups/598821800173652/user/100002217681756/?__cft__[0]=AZYaGk9Uj5Vz4EqL39y66rwOnLjDmCns3IUpzuQayDBGbzyWzYHeOSprTMIqKDHuFm4r6DVu46XvCX5ALb2ierLzvbjQflmKVHpEiboOSM6TW9FwDdD5SHdeOaXxt5Z5xmzEJPSIqhbM64XvL9adCC89wg_D0BAwU7wpVf-yosHqlQ&__tn__=%2CP-R,owner,50,+66 80 968 2838,,https://www.facebook.com/groups/598821800173652/user/100002217681756/?__cft__[0]=AZYaGk9Uj5Vz4EqL39y66rwOnLjDmCns3IUpzuQayDBGbzyWzYHeOSprTMIqKDHuFm4r6DVu46XvCX5ALb2ierLzvbjQflmKVHpEiboOSM6TW9FwDdD5SHdeOaXxt5Z5xmzEJPSIqhbM64XvL9adCC89wg_D0BAwU7wpVf-yosHqlQ&__tn__=%2CP-R,https://www.facebook.com/share/p/1ASRxXbtGx/,https://www.facebook.com/share/1UC8BZH8sJ/,,,"Corner House for Rent | Available for Viewing Now
📍 Supalai Primo – Thep Kasatri Monument, Thalang, Phuket
🐾 Pet-Friendly Home (conditions apply)
Rental Details
• THB 50,000 / month – 1-year contract
• THB 60,000 / month – 6-month contract
• Pet policy: + THB 30,000 (for 1 dog or 1 cat, subject to conditions)
Property Features
• 3 Bedrooms
    ◦ 2 × 6 ft beds
    ◦ 1 × 3 ft bed
    ◦ 3 wardrobes
• 3 Bathrooms
• 1 Kitchen
• 1 Storage room
• 2 Parking spaces
• Corner unit
Included in Rent
• Wi-Fi
• Common area fee
• Washing machine
• Microwave
• Fully furnished
• Refrigerator
• 1 TV
• 4 Air-conditioners
📩 For private viewing, please contact K. Thanya

📱 WhatsApp: https://wa.me/66659594299

📲 LINE ID: https://line.me/ti/p/7Cr_f-bvBX

🔗 Facebook Page: https://www.facebook.com/share/17zfFD16u2/?mibextid=wwXIfr
#HouseForRentPhuket #CornerHousePhuket #PetFriendlyHome #PetFriendlyPhuket #SupalaiPrimo #ThalangPhuket #PhuketRental #PhuketRealEstate #LivingInPhuket #PhuketAgent","January 29, 2026 1:59 PM",Not started,,
,House,https://www.facebook.com/marketplace/profile/100089852655984/?product_id=2216465975428154,owner,55,,"Littlebear26 ",https://www.facebook.com/marketplace/profile/100089852655984/?product_id=2216465975428154,https://www.facebook.com/share/p/16gxMxizuQ/,https://www.facebook.com/share/p/1DCQzgkaFC/,,,"🦋 For Rent — Supalai Bella Thalang 🦋

ศุภาลัยเบลล่าถลาง — spacious and comfortable living area
❤️ 3 Bedrooms, 2 Bathrooms

❤️ Located in the secure Supalai community

❤️ 10 minutes to Tanyapura

❤️ 10 minutes to UWC Thailand

❤️ 10 minutes to New Robinson

❤️ 5 minutes to Lotus & Makro

❤️ 10 minutes to the beach
🚩 24-hour security guard & key card system

🚩 Fitness Center

🚩 Playground

🚩 Wifi

🚩 CCTV
📅 Available from 27 December 2025
📩 สนใจเข้าชมบ้านส่วนตัว กรุณาติดต่อ K.Thanya

📱 Whatsapp: wa.me/66659594299

📲 LINE ID: https://line.me/ti/p/7Cr_f-bvBX
#PhuketHomeForRent #SupalaiBella #Thalang #PhuketRental #HouseForRentPhuket #PhuketLiving #PropertyPhuket #ThailandRealEstate #PhuketHomes #FamilyHomePhuket #SecureCommunity #BeachNearby","November 18, 2025 9:15 AM",Not started,,
Anasiri,House,https://www.facebook.com/marketplace/profile/100040795514759/?product_id=1147255467306404,owner,55K,+66952359855,ว่าง20ธค,https://www.facebook.com/marketplace/profile/100040795514759/?product_id=1147255467306404,https://www.facebook.com/share/p/16ymeyFdjB/,https://www.facebook.com/share/1GqokA1icy/,,,"🌈🏡 Anasiri Paklok – Modern 2-Storey House for Rent ✨
📍 Location:
• Near Robinson Thalang
• Mission Hills Golf Course
• Ao Po Marina
• 20 mins to British International School
✨ Property Details
• House Area: 166 sqm
• 4 Bedrooms
• 3 Bathrooms
• Fully Furnished
• 5 Air Conditioners
• 2 Parking Spaces

🚫 Pets Not Allowed
💸 Rental Price
• Yearly: 55,000 THB/Month
• 6 Months: 60,000 THB/Month
4 bed 5 bath
✅ Rent Includes
• WiFi
• Maid Service (1 time/month)

📩 For private viewing, please contact
📱 Whatsapp: http://wa.me/66659594299
📲 LINE: https://line.me/ti/p/7Cr_f-bvBX

#PhuketHouseForRent #PaklokPhuket #AnasiriPaklok #PhuketRental #HouseForRentPhuket","September 8, 2025 8:57 PM",Not started,,
ป่าคลอก anasiri,House,Maikaew,Co,55K,,,,,https://www.facebook.com/marketplace/item/1500525681151840/?rdid=ztJSMQRJhgOF4NPG&share_url=https%3A%2F%2Fwww.facebook.com%2Fshare%2F1GgLukpr14%2F,,,"✅ Now Available – Ready to Move In
📍 Anasiri Paklok, Thalang

🏠 Property Features
• 148 sqm. usable area
• 3 Bedrooms + 1 Multi-purpose room with air-conditioning
• 3 Bathrooms
• 2-Car parking space
• Fully furnished – includes TV, microwave, oven, refrigerator, electric stove, washing machine
• Full facilities: Swimming pool, fitness center, kids’ playground, 24-hour security

🌟 Services Included
• Hi-speed Wi-Fi
• Cleaning service

💰 55,000 THB/month – Annual contract
📅 Short-term rental – Contact for details

📍 Nearby
• 5 mins – Robinson Thalang
• 10 mins – Ao Por Pier
• 15 mins – British International School Phuket
• 30 mins – Porto de Phuket / Central Phuket / Phuket International Airport

📩 For viewing, contact K.Thanya
📱 Whatsapp: http://wa.me/66659594299
📲 LINE: http://line.me/ti/p/7Cr_f-bvBX

#PhuketRental #PhuketProperty #AnasiriPaklok #HouseForRentPhuket #Thalang #LuxuryRentalPhuket #PhuketLife ","September 8, 2025 12:03 PM",Available,,
Thalang,House,Owner Thalang 55K,owner,55K,+66876209368,,,,https://www.facebook.com/share/1K3fFocL4X/,,,"🏡 House for Rent – Thalang, Phuket (Direct to owner)

✨ Property Highlights:
☑️ 3 Bedrooms | 2 Bathrooms (including a relaxing bathtub 🛁)
☑️ Spacious modern kitchen with oven, large fridge & washing machine
☑️ Dedicated office room – perfect for working from home
☑️ Bright & airy living room with large sofa & Smart TV
☑️ Large balcony for outdoor enjoyment
☑️ Stylish, all-new furniture throughout
☑️ Ready to move in – just bring your suitcase!

📍 Prime Location:
🚘 3 mins → Thalang Monument
🚘 5 mins → Robinson Lifestyle Thalang
🚘 12 mins → Blue Tree Phuket
🚘 14 mins → British International School Phuket (BISP)
🚘 19 mins → HeadStart International School
🚘 19 mins → Boat Avenue Cherngtalay

💸 Rental Price: 55,000 THB/month
✅ Includes: Gardening Service, Water Bill & House Cleaning

📩 For private viewing, please contact K. Thanya
📱 Whatsapp: http://wa.me/66659594299

📲 LINE: https://line.me/ti/p/7Cr_f-bvBX

#ThalangHouse #PhuketHouseForRent #PhuketRental #PhuketLiving #PhuketRealEstate #HouseForRentPhuket ","September 8, 2025 11:42 AM",Available,,
Anasiri,House,https://www.facebook.com/marketplace/profile/100041592213174/?product_id=32318523621080162,owner,55K65K80K,+66979964247,,https://www.facebook.com/marketplace/profile/100041592213174/?product_id=32318523621080162,https://www.facebook.com/share/p/16GDWLvKQ3/,https://www.facebook.com/marketplace/item/802632982245493/?ref=marketplace_profile&referral_code=undefined,,,"📍 4 Bedrooms, 3 Bathrooms | Share pool & gym
✨ Fully furnished, free Wi-Fi, 24h security (No pets allowed)

🛌 House Details

1 Living Room | 1 Kitchen | 2 Car Parkings

5 Air Conditioners

Swimming pool, gym, playground

Free Wi-Fi 1000/1000 Mbps

💸 Rental Price

55,000 THB / month (1-year contract)

65,000 THB / month (6–11 months)

80,000 THB / month (3–5 months)

2 months deposit + 1 month advance

📍 Nearby Places

10 min to Robinson Thalang & Ao Por Pier

15 min to British International School (BIS)

20 min to Hospital & Police Station

30 min to Phuket International Airport

📩 Contact K. Thanya
📱 WhatsApp: http://wa.me/66659594299

📲 LINE: https://line.me/ti/p/7Cr_f-bvBX

🔑 #AnasiriPaklok #PhuketHouseForRent #LuxuryHousePhuket #PhuketLiving #PhuketRealEstate","September 19, 2025 7:48 PM",Not started,,
The plant thalang,House,https://www.facebook.com/marketplace/profile/100000297695566/?product_id=889462503618757,owner,64K,,,https://www.facebook.com/marketplace/profile/100000297695566/?product_id=889462503618757,https://www.facebook.com/share/1C4xgbzrHN/,https://www.facebook.com/share/p/173ed6ZX2e/,,7.9MB,"House for Sale or Rent – The Plant Thalang, Phuket
Brand New Home – Family & Kids Friendly Community
Located in a peaceful village in Thalang, this brand-new house is perfect for families looking for comfort, space, and convenient access to beaches, schools, and shopping.
💰 Rental Price: 65,000 THB / month (Wi-Fi included)

📄 Move-in: 2 months deposit + 1 month rent

💰 Selling Price: 7,900,000 THB
Property Details

• 4 Bedrooms

• 3 Bathrooms

• 1 Balcony

• 2 Car Parking Spaces

• Land/usable area: 202 sqm

• Next to the swimming pool

• Mountain view & pool view

• Pets allowed
Fully Furnished

• 4 Air conditioners with high-speed Wi-Fi

• QLED Smart TV 65""

• Washing machine

• Refrigerator

• Microwave

• Water heaters

• Fully equipped kitchen
Village Facilities

• Communal swimming pool

• Garden & park inside the village

• International neighborhood

• 24-hour security
📍 Nearby Locations

• 15 minutes to Bumrungrad Hospital

• 15 minutes to Bang Tao Beach & Surin Beach

• 15 minutes to Phuket International Airport

• HeadStart International School

• UWC International School

• Makro Wholesale

• Lotus’s Shopping Mall

• Big C, HomePro

• 7-Eleven, Tops, Villa Market
📩 For private viewing please contact K. Thanya

📱 WhatsApp: wa.me/66659594299

📲 LINE ID: https://line.me/ti/p/7Cr_f-bvBX

Facebook: https://www.facebook.com/share/17zfFD16u2/?mibextid=wwXIfr
#phukethouseforsale #phukethouseforrent #theplantthalang #phuketproperty #phuketrealestate #phuketvilla #phuketliving #phuketinvestment #houseforrentphuket #propertyphuket","March 9, 2026 11:38 AM",Not started,,
thalang,Pool Villa,https://www.facebook.com/groups/5289167964484815/user/100001347063500/?__cft__[0]=AZbfrghSJqSxnZ-Z2n4fPZ5WyEMJt3nHMYuv4za4vYe-UQKJKqNBtugEmPLiW90-xxEZv8_ZXQQ_uj5BaT2GeSaphA8S16pauJYt49MmL6I_6f5pXKJtLikf9HPoXvs68BGo1m2xB4O9XlM82PBYXEmNW9PwZq2xCCnqgrNH1lXBIMASlhvuW7MVtc9wHqJLo9R6FL9bh_P0v2cx-t_0lHYjAm-oFWaldZVMMs9SNp7KWA&__tn__=-UC%2CP-y-R,owner,65K,,,https://www.facebook.com/groups/5289167964484815/user/100001347063500/?__cft__[0]=AZbfrghSJqSxnZ-Z2n4fPZ5WyEMJt3nHMYuv4za4vYe-UQKJKqNBtugEmPLiW90-xxEZv8_ZXQQ_uj5BaT2GeSaphA8S16pauJYt49MmL6I_6f5pXKJtLikf9HPoXvs68BGo1m2xB4O9XlM82PBYXEmNW9PwZq2xCCnqgrNH1lXBIMASlhvuW7MVtc9wHqJLo9R6FL9bh_P0v2cx-t_0lHYjAm-oFWaldZVMMs9SNp7KWA&__tn__=-UC%2CP-y-R,https://www.facebook.com/share/p/1DEiRJRyhj/,https://www.facebook.com/share/p/1CExLA4TDE/,,,"Private Pool Villa for Rent – Ready to Move In 🏡✨
🛏 3 Bedrooms | 🛁 4 Bathrooms | 🏊‍♂️ Private Pool

📍 Paklok – just 1 km from the Heroine Monument
Nearby:
• Robinson Lifestyle Thalang
• Lotus
• 7-Eleven
• PTT Station
• Easy drive to Phuket Airport ✈️
Lifestyle Home – Garden Villa Includes:

✅ High-speed WiFi

✅ Pool Maintenance

✅ Garden Service

📺 TV

🍳 Kitchen

🔥 Microwave

🧊 Refrigerator

🚗 Private Parking

♨️ Water Heater

🛋 Comfortable Sofa

✅ Pet Friendly 🐶🐱
💰 Rental Price: 65,000 THB / month
📩 For private viewing, please contact K. Thanya

📱 Whatsapp: wa.me/66659594299

📲 LINE ID: https://line.me/ti/p/7Cr_f-bvBX

🔗 Facebook: https://www.facebook.com/share/17zfFD16u2/?mibextid=wwXIfr
#PhuketVilla #PoolVillaForRent #PaklokPhuket #PhuketLiving #PetFriendlyVilla #GardenVilla #PhuketRental #PrivatePoolVilla","December 12, 2025 8:14 AM",Not started,,
"Supalai Palm Spring, Baan Pon, ",House,Ruji,Co,88,,,,,https://www.facebook.com/share/p/17dAwx2Q5F/,,,"New! Single House for Rent – Supalai Palm Spring, Baan Pon, Phuket
Rental Rate:

• 88,000 THB/month (1-year contract)

• 95,000 THB/month (6-month contract)

• 110,000 THB/month (3-month contract)
Currently being decorated.
Property Details:

• 3 + 1 Bedrooms

• 3 Bathrooms

• Hall space on the 2nd floor

• 2 Storey house

• 2 Parking spaces

• Approx. 168 sqm usable area

• Open view at the front

• Mountain view

• Quiet and peaceful neighborhood

• High privacy

• Great ventilation

• Cozy interior design

• No pets allowed 🚫
Included:

• Cleaning service (1x/month)

• Gardening service (1x/month)

• Common area fees

• EV charger boxes for 2 cars

• 4 Air conditioners (Samsung & Carrier)

• 2 Water heaters (Stiebel Eltron)

• Smart TV in the living room

• 3-meter large sofa

• Dining table for 6

• Dishwasher

• Washing machine

• Oven

• Microwave

• Induction electric stove

• Hood

• Side-by-side fridge

• Built-in kitchen counter with Crystal White stone

• Teka kitchen appliances

• Smart home security system by Supalai

• 24-hour security
Excluded:

• Electricity

• Water

• Air-con cleaning service (required every 6 months)
Facilities:

• 24-hour security & CCTV

• Swimming pool

• Gym

• Playground

• Dog park

• Public park
📩 For private viewing, please contact K.Thanya

📱 Whatsapp: wa.me/66659594299

📲 LINE ID: https://line.me/ti/p/7Cr_f-bvBX
#PhuketProperty #PhuketRealEstate #HouseForRentPhuket #SupalaiPalmSpring #BaanPon #LuxuryLivingPhuket #PoolVillaPhuket #PhuketRental #PhuketHomes #LiveInPhuket","December 3, 2025 9:49 PM",Not started,,
thalang,Pool Villa,https://www.facebook.com/groups/187459528701181/user/100004059502256/?__cft__[0]=AZVd2tD6yFFbstE8CgYRHqTelLGz9f2xVenqPcXKdrUb-dKoBALkzgnpB187TcfKlgxXj13bTkZBndmjb1eDAehTL3RSnA66twqvUPQSdDOfkoIP-QjBoOkiZnDprPb3-nGMf279xcnBCpj4U9Q7cX4V&__tn__=-]C%2CP-R,Co,120K,,,https://www.facebook.com/groups/187459528701181/user/100004059502256/?__cft__[0]=AZVd2tD6yFFbstE8CgYRHqTelLGz9f2xVenqPcXKdrUb-dKoBALkzgnpB187TcfKlgxXj13bTkZBndmjb1eDAehTL3RSnA66twqvUPQSdDOfkoIP-QjBoOkiZnDprPb3-nGMf279xcnBCpj4U9Q7cX4V&__tn__=-]C%2CP-R,https://www.facebook.com/share/p/1D6i8RpBFv/,https://www.facebook.com/share/p/1BjdALJiPi/,,16 nego,"🌴 Brand-New 3-Bedroom Pool Villa
𝗣𝗿𝗶𝗺𝗲 𝗟𝗼𝗰𝗮𝘁𝗶𝗼𝗻: 𝗕𝗮𝗻 𝗬𝗮𝗮 – 𝗕𝗮𝗻 𝗗𝗼𝗻 | 𝗡𝗲𝗮𝗿 𝗟𝗮𝗴𝘂𝗻𝗮, 𝗕𝗮𝗻𝗴 𝗧𝗮𝗼 & 𝗟𝗮𝘆𝗮𝗻
✨ 3 Bed | 3 Bath (2 En-suite) | 300 sqm | Land 75 sq.wah

🏊 Private 3.5 × 7 m pool with sun deck

🍳 Fully equipped European kitchen | Bright living area

🚗 Parking for 2 cars | Safe, peaceful neighborhood
📍 Prime Location:

7 min → Bang Tao & Layan Beach

5 min → Laguna, Boat Avenue & shops

15 min → Phuket International Airport
💰 For Sale: 16 MB (Price Negotiable)

💵 Long-Term Rent: 120,000 THB/month (1-year lease, peak season available)
📩 Contact K.Thanya

📱 wa.me/66659594299

📲 LINE: https://line.me/ti/p/7Cr_f-bvBX
#ThalangVilla #PhuketVilla #PoolVillaPhuket #LuxuryVillaThailand #PhuketProperty #HouseForSalePhuket #PhuketRealEstate #ModernVilla #InvestInPhuket #PhuketLifestyle","November 18, 2025 12:52 PM",Not started,,
อ่าวปอ,Pool Villa,Kittisak,owner,"120K 150K ",+66974265445 (Kittisak),ว่าง 6มีนา,https://www.facebook.com/groups/1380025135499614/user/100009888227427/?__cft__[0]=AZVnguaExN-OoGrLeShadS1uK-wHF3O-AoHtpWgdVT-Xw7Pdsr72dJ06XoD-qH5tZphEZRbr_dRHAqzL6PV54-v4ltntsz3EKTO4XvKWxqeAMuAadubPE5E7P49LHxitqiDXXotCtbMG6ndo06ybLGHn&__tn__=%2CP-R ,https://www.facebook.com/share/p/1BqJkGjsCq/,https://www.facebook.com/share/p/1AHSmJ7Avk/,,20 MB,"3BR Seaview Pool Villa for Sale / Rent
📍 Supalai Scenic Bay Pool Villa, Ao Po, Thalang, Phuket
Price:
👉🏻 20,000,000 THB — For Sale

👉🏻 120,000 THB/month — 12-month contract

👉🏻 150,000 THB/month — 6-month contract
Property Details
• Fully furnished

• Only 80 meters from the sea

• Gated community

• Private beach access
• Usable Area: 300 sqm
• Plot Area: 431 sqm (107.9 sq wah, Chanote)
• Modern style with new renovation
• 3-storey villa with panorama rooftop terrace
• 3 Bedrooms — all with sea view
• 3 Bathrooms
• Private saltwater swimming pool with jacuzzi
• Poolside terrace + sunbed
• Ocean-view living & dining area
• Working space with adjustable desk
• Premium-grade teak wood built-ins & furniture
• Beautiful European kitchen with granite countertop & high-end equipment
• UV-screen curtains on all windows
• Private garden
• Laundry / storage area
• 2,000L water tank + automatic pump
• 3BB internet & WiFi
• Smart home system + CCTV
• 3 large smart TVs (Netflix, Disney+, YouTube)
• 2 covered car parks
• Master bedroom with large bathroom & walk-in closet
• Walking distance to the beach
Location Highlights
• 1 min to restaurants

• 1 min to Kevin Beach

• 1 min to Paklok Viewpoint

• 6 mins to Ao Po Grand Marina

• 6 mins to 7-Eleven

• 12 mins to Phuket Elephant Sanctuary

• 20 mins to Robinson Thalang

• 30 mins to Central Phuket

• 30 mins to Phuket Airport
Ideal for families seeking a beautiful, peaceful, private seaview pool villa, or investors looking for a high-demand property for daily, monthly, or yearly rentals.
📩 For private viewings, please contact K.Thanya

📱 Whatsapp: wa.me/66659594299

📲 LINE ID: https://line.me/ti/p/7Cr_f-bvBX
#PhuketPoolVilla #SeaviewVillaPhuket #AoPoPhuket #PhuketRealEstate #PhuketLuxuryHomes #VillaForSalePhuket #PhuketProperty #LuxuryLivingPhuket #PoolVillaForRentPhuket #InvestmentPropertyPhuket","December 6, 2025 2:35 PM",Not started,,
อนุสาวรีย์,Pool Villa,Amada villa,owner,150K 6 month,,,,,,,16.9 MB,"🎁 Pool Villa for Rent & Sale – Thalang, Phuket 🏡
✨ Property Details
• Land size: 118 sq.wah (473 sq.m.)
• 3 Bedrooms | 3 Bathrooms | 2 Bathtubs
• Private Salt/Overflow Pool (4 × 8.5 × 1.4 m)
• Parking for 2 cars
• Fully furnished
💰 Rental Rates
• 150,000 THB / month → 6-month lease
• 200,000 THB / month → 3-month lease
• 250,000 THB / month → 1-month lease
✅ For Sale: 16.9 Million THB
📍 Location Highlights
• 8 mins → Robinson Thalang
• 20 mins → Bangtao Beach
• 29 mins → Phuket International Airport
📩 For private viewing & details, please contact K.Thanya

📱 WhatsApp: https://wa.me/66659594299

📲 LINE: https://line.me/ti/p/7Cr_f-bvBX
🔑 #PhuketVilla #LuxuryVillaPhuket #ThalangVilla #PhuketForRent #PhuketForSale #PoolVillaPhuket #PhuketLiving #PhuketLifestyle #PhuketProperty #บ้านเช่าภูเก็ต #พูลวิลล่าภูเก็ต #ขายวิลล่าภูเก็ต","October 7, 2025 8:31 PM",Not started,,
Maikhao,Pool Villa,Mingmei Chen (1),owner,180K,+66 80 146 8234,,,,https://www.facebook.com/share/17J1ensT9w/,,,"🏡 Luxury Pool Villa for Rent – Mouana Maikhao (Direct to owner)

✨ Property Highlights

4 Bedrooms | 5 Bathrooms

Land Size: 600 sqm

Private Swimming Pool

Spacious Open-Plan Living & Dining Area

Fully Equipped Modern Kitchen

Large Outdoor Terrace & Garden

Covered Parking

📍 Prime Location – Maikhao

3 minutes to Maikhao Beach 🌊

14 minutes to Phuket International Airport ✈️

Nearby: Blue Canyon Golf Course ⛳, UWC International School, Splash Jungle Water Park, Turtle Village Shopping Mall 🛍️

💎 About Mouana Maikhao
An exclusive villa development designed for comfort and luxury. With tropical modern architecture, high-quality finishing, and generous living space, it’s perfect for families or long-term living.

💰 Rental Price: 180,000 THB / Month

📩 For private viewing please contact K.Thanya
📱 Whatsapp: http://wa.me/66659594299
📲 LINE: https://line.me/ti/p/7Cr_f-bvBX ","September 8, 2025 11:42 AM",Available,,
thalang,Pool Villa,https://www.facebook.com/marketplace/profile/100084624494555/?product_id=692044250508046,owner,230K,,,https://www.facebook.com/marketplace/profile/100084624494555/?product_id=692044250508046,https://www.facebook.com/share/1ChYo36uUE/,https://www.facebook.com/share/p/1DN8YLBMbG/,,,"🏡 House for Rent close to UWC International School
Thalang, Phuket

An exceptional location for families, just steps away from UWC International School and Thanyapura Sports & Health Centre.

Property Overview
📐 Land Size: 576 sq.m.
🏠 Layout: 3 Bedrooms | 3 Bathrooms
🏊 Large private swimming pool
🚗 Double parking spaces

Unbeatable Location
🚶 100 meters – UWC International School (directly opposite)
🚶 100 meters – Thanyapura Sports & Health Centre
✈️ 15 minutes – Phuket International Airport

Fully Furnished & Equipped
🛜 Wi-Fi internet included
💦 Whole-house water filtration & softening system
📺 TV
❄️ Refrigerator
🧺 Washer–dryer

Kitchen & Living Essentials
🍞 Microwave, toaster, rice cooker
🍴 Complete kitchen cookware & tableware
🏊‍♀️ Outdoor dining set & pool loungers

Move-In Ready
🛏️ Bed linens & towels
🥿 Slippers
💇 Hairdryer
👕 Clothes hangers

🐶🐈 Cats & dogs welcome

📩 Private viewing – Contact K.Thanya
📱 WhatsApp: https://wa.me/66659594299

📲 LINE ID: https://line.me/ti/p/7Cr_f-bvBX

🌐 Facebook Page: https://www.facebook.com/share/17zfFD16u2/?mibextid=wwXIfr

#UWCPhuket #HouseForRentThalang #NearUWCSchool #FamilyHomePhuket #PetFriendlyPhuket #PhuketRental #ExpatLiving #RealEstatePhuket","January 13, 2026 9:45 AM",Not started,,
Maikhao,Pool Villa,Mingmei Chen,owner,300K,+66 80 146 8234,,,,https://www.facebook.com/share/1A1x8ja92f/,,,"🏡 Luxury Pool Villa for Rent in Maikhao (Direct to owner)

✨ Property Highlights

5 Bedrooms | 6 Bathrooms

Land Size: 946 sqm

Expansive Private Swimming Pool

Bright & Spacious Living and Dining Area

Fully Equipped Modern Kitchen

Large Outdoor Terrace & Tropical Garden 🌴

Covered Parking

📍 Prime Location – Maikhao

3 minutes to Maikhao Beach 🌊

14 minutes to Phuket International Airport ✈️

17 min to Naiyang beach

Close to Blue Canyon Golf Course ⛳, UWC International School, Splash Jungle Water Park, and Turtle Village Shopping Mall 🛍️

💎 About Mouana Maikhao
This exclusive development offers premium villas with tropical modern design and high-quality finishes. Perfect for families seeking privacy and comfort, or those looking for a luxury long-term residence in Phuket.

💰 Rental Price: 300,000 THB / Month

📩 For private viewing please contact K.Thanya
📱 Whatsapp: http://wa.me/66659594299

📲 LINE: https://line.me/ti/p/7Cr_f-bvBX  ","September 8, 2025 11:39 AM",Available,,
the Asherah Villas,Pool Villa,https://www.facebook.com/groups/717188765023132/user/555322124/?__cft__[0]=AZWN4Kfe06RAIZFro5YHtjGF9yRTayyI7Oaif7TvseluVFvQU86d25sMBJRUywejvTq4bAZLyfxovHM5sfevETVzjVpYRyjRYQdxZ3gHCGnpgriIxinrZgIWMWxzCGDpelwnxO0k4e-Jfm3poyUXOuU8dzX8bxr3LJEYgtA_OykHNw&__tn__=%2CP-R,owner,330K/370K/950K,,,https://www.facebook.com/groups/717188765023132/user/555322124/?__cft__[0]=AZWN4Kfe06RAIZFro5YHtjGF9yRTayyI7Oaif7TvseluVFvQU86d25sMBJRUywejvTq4bAZLyfxovHM5sfevETVzjVpYRyjRYQdxZ3gHCGnpgriIxinrZgIWMWxzCGDpelwnxO0k4e-Jfm3poyUXOuU8dzX8bxr3LJEYgtA_OykHNw&__tn__=%2CP-R,https://www.facebook.com/share/p/1FNVgum6YG/,,,,"🏡 Luxury Pool Villa – Thalang / Bangtao
📍 Spacious 4-bedroom villa with private pool & Jacuzzi
✨ Smart home with solar power, fully furnished by Lounge Lovers Interiors

🏠 Villa Details

4 Bedrooms | 6 Bathrooms | Maids room

2 Covered parking spaces

12m x 4m pool with 2 Jacuzzis

Land: 590 sqm

Smart Home, Solar Power, Rain-sensitive Garden Irrigation System

💸 Price

Sale: 39,000,000 THB

Rent (low season, 1-year lease): 330,000 THB / month

Rent (short term, 1 month): 370,000 THB / month

High season rates: Please inquire

📩 Contact K. Thanya
📱 WhatsApp: http://wa.me/66659594299
📲 LINE: https://line.me/ti/p/7Cr_f-bvBX

🔑 #LuxuryVillaPhuket #BangtaoVillaForRent #PoolVillaPhuket #PhuketLiving #PhuketRealEstate #VillaForRentPhuket","September 19, 2025 7:32 PM",Not started,https://drive.google.com/drive/u/0/folders/10fE495s4PSRB2SAsbExOQvZwWOoZzG0w?fbclid=IwY2xjawM6KxFleHRuA2FlbQIxMABicmlkETFDZ3RKTHNmblprajZHYmJJAR6_DE6jTNfeGJ6VcCecgd8ZCmsFRnV0Voa6GE_qaUclnD3ai21YDIOIUeQYLg_aem_3BwUVkpbjuXW8qIN4QwLlQ,https://maps.app.goo.gl/mPKnZofePHWMFPaV9?fbclid=IwZXh0bgNhZW0CMTAAYnJpZBExd3NSWlk2UlR1aXEzeW5sVAEeF54EQDYYqXzs2TGHWikG_5pjQjOJI2e3TMtPV1E8FCCtHBySJpq-BeQKPEk_aem_TfrynZZtYNO8g-I7qKYyvw
เนรมิต 5,House,chai,owner,39500,0892055609,0892055609,https://www.facebook.com/chainarong.sukawasana?__cft__[0]=AZX676aaTrrqHSCbe8mQWIENzhknY51NzsRbjMjAmVsnvXEhvsIFoO9vQNv2-M2r4f9yFYszFEkM_kk4QoSL13Bn3BpjfOvyjkgczt_4JiAfNRfkQCkFm7_J4zg3Ir-OzS5zyOS7Cm1Kdv_unr_RorgwTPZwdsQZ6hageqxrM5Fy4Q&__tn__=-]C%2CP-R,https://www.facebook.com/share/p/1CbquYuWRc/,https://www.facebook.com/share/p/1BRF8YeSoY/,,,"🏡 Pet-Friendly Home with Big Garden

📍 Only 800m from Heroines Monument & Robinson Thalang

🌄 Mountain View | Peaceful Location
✨ Property Details
• 2 Bedrooms (4 beds)
• 1 Kids’ playroom
• 1 Pet room (for dog or cat)
• 2 Bathrooms
• Spacious living room & large kitchen
• Car parking
• Big private garden (great for pets)
• Fully furnished | CCTV | Internet ready
• Land size: 120 sq.wah (480 sq.m)
💰 Rental Price
• 3,500 THB / day
• 39,500 THB / month (1-year contract)
• 45,000 THB / month (6-month contract)
📌 Terms
• 2 months deposit + 1 month advance
• Utilities (internet & electricity) excluded
• Pets allowed 🐶🐱
📍 Nearby Places
• 3 mins to banks (KMA, SCB, BBL)
• 5 mins to Robinson Thalang
• 15 mins to BCIS & Blue Tree
• 15–20 mins to Bangtao, Laguna & restaurants
📩 For private viewing, please contact K. Thanya

📱 WhatsApp: wa.me/66659594299

📲 LINE: https://line.me/ti/p/7Cr_f-bvBX
🔑 #PhuketHouseForRent #PetFriendlyPhuket #BigGardenHouse #PhuketLiving #LongTermRentalPhuket #PhuketRealEstate","September 17, 2025 12:05 PM",Not started,,
bella,House,"WA ",owner,68000,+66 61 071 1210,,,,https://www.facebook.com/share/1UaCkShbLb/,,,"House for rent in Thalang
• 5 mins to UWC
• On the main road

💰 Rental Details
68,000 THB / month (Annual contract)
Deposit: 2 months + 1 month in advance
Common fee included

🏠 House Details
5 Bedrooms
4 Bathrooms
2 Living Rooms
2 Kitchens
2 Large Water Tanks
Fully Furnished
Parking for 2 cars

✔️ Included
Water Treatment System
Drinking Water Purifier (no need to buy bottled water 😃)
Gardening service (once a month)

❌ Not Included
Electricity & Water (government bill)
🏘️ Common Facilities
Kids’ Playground
Fitness Center
24-hour Security

📩 Contact us
📱 Whatsapp: http://wa.me/66659594299
📲 LINE: https://line.me/ti/p/7Cr_f-bvBX

#PhuketHouseForRent #ThalangPhuket #SupalaiBella #PhuketRental #PhuketRealEstate #PhuketLiving #GatedCommunityPhuket #FamilyHomePhuket #MoveToPhuket ","November 17, 2025 6:22 PM",Not started,,
"Pruksa Ville ",House,,,,,,,,,,,,"June 5, 2026 9:43 AM",Not started,,
supalai primo,House,https://www.facebook.com/lee.jacky.104203?__cft__[0]=AZZV-ZmwjNJsBrHQ8ibFjCVfzoZaumGCU5Sw2oHrH35ufTQYuA3kBQu-np8aUXGJPePShcrgaCV7p_QA3nWhddfr1OhqWjvjKHW3aQPZkmsxjpah6pO05z1BqIeCoelGSuaftPELFPUv-86Ot___cCye_V149xdvwT6UG2EYetjH1Q3xEJPzdPJw3K6u1yyDe5JNc9UHwYp0J_ztG_LZIQQJ&__tn__=-UC*F,owner,,,,https://www.facebook.com/lee.jacky.104203?__cft__[0]=AZZV-ZmwjNJsBrHQ8ibFjCVfzoZaumGCU5Sw2oHrH35ufTQYuA3kBQu-np8aUXGJPePShcrgaCV7p_QA3nWhddfr1OhqWjvjKHW3aQPZkmsxjpah6pO05z1BqIeCoelGSuaftPELFPUv-86Ot___cCye_V149xdvwT6UG2EYetjH1Q3xEJPzdPJw3K6u1yyDe5JNc9UHwYp0J_ztG_LZIQQJ&__tn__=-UC*F,https://www.facebook.com/share/14hF5aCy4od/,,,,,"May 29, 2026 7:12 PM",Not started,,
supalai primo,House,https://www.facebook.com/marketplace/profile/100002116907834/?product_id=828768060248282,owner,,,,https://www.facebook.com/marketplace/profile/100002116907834/?product_id=828768060248282,https://www.facebook.com/groups/2002693816610717/permalink/4455195004693907/?sale_post_id=4455195004693907,,,,"🏡 House for Rent – Supalai Primo Anusawari, Phuket
Ready to Move In ✨
🛏️ 3 Bedrooms
🛁 3 Bathrooms
🍳 1 Kitchen
🛋️ 1 Living Room
🚘 2 Parking Spaces
🌿 Side Garden Area
❄️ 4 Air Conditioners
(3 Bedrooms + 1 Living Room)
🛋️ Fully Furnished
Included:
🧺 Washer & Dryer
🧊 Refrigerator
🍳 Electric Stove
🔥 Oven
📺 TV
💧 Water Pump
🚫 No Pets Allowed
📍 Great Location – Convenient Access
• 10 mins to Thai Watsadu Thalang
• 10 mins to Robinson Lifestyle Thalang
• 15 mins to British International School
• 15 mins to HomePro Cherngtalay
• 20 mins to Bangkok Hospital Siriroj
• 25 mins to Central Festival Phuket
💰 Rental Price: 38,000 THB / Month
📄 1-Year Contract
🔒 2 Months Deposit + 1 Month Advance Rent
📩 สนใจเข้าชมบ้านส่วนตัว กรุณาติดต่อ K.Thanya
📱 Whatsapp: wa.me/66659594299
📲 LINE ID: https://line.me/ti/p/7Cr_f-bvBX
📘 Facebook: https://www.facebook.com/share/17zfFD16u2/?mibextid=wwXIfr
#HouseForRent #SupalaiPrimo #PhuketProperty #TownhouseForRent #PhuketLiving #LongTermRental #ThailandProperty #PhuketHouse","May 19, 2026 11:18 AM",Not started,,
ป่าคลอก,Pool Villa,Oom,owner,,,,,,,,39,"🏡 Seaview Pool Villa with Garden for Sale
📍 Pa Khlok, Thalang, Phuket

🔥 FINAL PRICE: 39,000,000 THB
(Previously 69 MB – Best Deal on the Market)

✨ Property Features
* 5 Bedrooms
* 6 Bathrooms
* Private Swimming Pool
* Spacious Living & Dining Area
* Fully Equipped Kitchen
* Land Size: 361.4 sq.m.
* Fully Furnished – Ready to Move In

💼 Great for Investment
Currently rented with monthly tenant from 1 February

📍 Prime Location
* 15 mins to Phuket International Airport
* 15 mins to Bang Rong Pier
* 20 mins to Robinson Lifestyle Thalang
* Near Mission Hills Golf Course

🌿 Peaceful atmosphere with beautiful sea views

📩 Interested in a private viewing? Please contact K.Thanya
📱 Whatsapp: http://wa.me/66659594299
📲 LINE ID: https://line.me/ti/p/7Cr_f-bvBX
📘 Facebook: https://www.facebook.com/share/17zfFD16u2/?mibextid=wwXIfr

#PhuketVilla #SeaviewVilla #PoolVillaPhuket #LuxuryVilla #VillaForSale #PhuketProperty #PhuketRealEstate #InvestmentProperty #ThalangVilla #PaKhlok","May 19, 2026 8:05 AM",Not started,,
,Pool Villa,https://www.facebook.com/groups/636349863135170/user/100002296183273/?__cft__[0]=AZarVN-vG2sGsAhvC_QW9cgx-LCkxB5wpxnty6B6UIwuNoznhrY80rGw-hfk3XoSQ5vPwEYQzo7u-Cvr-gwXcdRY6F3U_9X5_2ME4Hpq67ZyveHdJzoi7V_qGf_s6OwuGjQpymx5sAVXT6-k5vGSeor3&__tn__=%2CP-R ,owner,,,,https://www.facebook.com/groups/636349863135170/user/100002296183273/?__cft__[0]=AZarVN-vG2sGsAhvC_QW9cgx-LCkxB5wpxnty6B6UIwuNoznhrY80rGw-hfk3XoSQ5vPwEYQzo7u-Cvr-gwXcdRY6F3U_9X5_2ME4Hpq67ZyveHdJzoi7V_qGf_s6OwuGjQpymx5sAVXT6-k5vGSeor3&__tn__=%2CP-R ,https://www.facebook.com/share/p/17ywBvuzvT/,https://www.facebook.com/share/18MFGGZJ9h/,,,"Pool Villa for Rent – Thalang Area, Phuket 🏝️
Spacious Private Villa | Large Swimming Pool | Fully Furnished

Property Details
• Land area: 600 sq.m.
• 4 Bedrooms | 3 Bathrooms
• Fully equipped Kitchen
• Laundry Room
• Private Sala Pavilion
• Sunbathing Area
• 13-meter private swimming pool
• Fully furnished
• 4 parking spaces (2 private gated + 2 in front of villa)

Location
📖 15 minutes to UWC International School
🛒 10 minutes to Tesco Lotus
🛒 15 minutes to Makro
🛒 15 minutes to Boat Avenue Cherng Talay
🏖️ 10 minutes to Layan Beach
🏖️ 15 minutes to Bang Tao Beach
🏖️ 30 minutes to Surin Beach
🛫 30 minutes to Phuket International Airport

Rental Price
💰 50,000 THB / month (1-year contract)
💰 70,000 THB / month (3-month short term)

Included
🌳 Gardening – 1 time / month
🏊 Pool service – 2 times / month

Not Included
💡 Electricity – 8 THB / unit
🚰 Water – 15 THB / unit
🧹 Housekeeping

Available: End of March

Payment Terms
• 2-month security deposit
• 1-month advance rent

📩 สนใจเข้าชมบ้านส่วนตัว กรุณาติดต่อ K.Thanya
📱 Whatsapp: http://wa.me/66659594299
📲 LINE ID: https://line.me/ti/p/7Cr_f-bvBX

Facebook Page
https://www.facebook.com/share/17zfFD16u2/?mibextid=wwXIfr

#PhuketVilla #PoolVillaPhuket #ThalangVilla #VillaForRentPhuket #BangTaoProperty #LayanBeach #PhuketRealEstate #LuxuryVillaPhuket #PhuketRental #PhuketLiving","March 12, 2026 12:45 PM",Not started,,
The place thalang,Pool Villa,https://www.facebook.com/groups/1594070057572998/user/100010655895171/?__cft__[0]=AZZVUI29G633gWKIz2u1Wvxs6nSaOuvPXH3ncdKAjnL4k6YDNKfPFXSofqrh1QbxkUEf5CDVRrul6YsVR8LbnnCjUiQBcNxR6pDU6yf3L8-Y92b1Y-lYUGqyCjVqh8RNxuWz105j9Q2l8ZHh1TpN4lWktLQhyMaPZ055dBeec-GDMZ-Yz-67vh90pggED_x_j6Zl1qmpUfqvHx-JAXvjL9m_iJd2WhzXpAhj9GsWFa9R3A&__tn__=-UC%2CP-y-R,owner,,,,,https://www.facebook.com/share/1EL3Sdk4hh/,,,18.9MB,"Brand New Private Pool Villa with Expansive Lawn Near Bang Tao Beach

A beautiful private pool villa just launched to the market — perfect for living or investment in one of Phuket’s most desirable areas 🌿
📐 Land Size: 441.2 sq.m.

🛏️ 3 Bedrooms

🚿 3 Bathrooms

🛋️ Fully Furnished – Move-in ready
Located in a safe and well-maintained community with:

✔️ Wide internal roads

✔️ Large green areas

✔️ Big private lawn

✔️ Peaceful & secure environment
📍 Prime location near Bang Tao

• Close to Bang Tao Beach

• Near shopping malls & lifestyle areas

• Close to international schools

• Easy access to Phuket International Airport
Perfect for families seeking comfort and space, or investors looking for high rental demand in the Bang Tao area.
📩 Private viewing only – Contact K.Thanya

📱 Whatsapp: wa.me/66659594299

📲 LINE ID: https://line.me/ti/p/7Cr_f-bvBX

🌐 Facebook: https://www.facebook.com/share/17zfFD16u2/?mibextid=wwXIfr
#PoolVillaPhuket #BangTao #BangTaoBeach #VillaForSalePhuket #PhuketProperty #PhuketRealEstate #ThailandProperty #LuxuryHomePhuket","February 19, 2026 10:30 AM",Not started,,
anasiri,House,https://www.facebook.com/marketplace/profile/100011380628948/?product_id=1692233721756849,Co,,096-653-9646,,https://www.facebook.com/marketplace/profile/100011380628948/?product_id=1692233721756849,fb,https://www.facebook.com/share/p/1ExpLf5vgt/,,,"🏡 ANASIRI PAKLOK – Brand New House for Rent
‼️ Brand New Home – Ready to Move In ‼️
💙 Rental Price: 60,000 THB / month 💙
✨ Highlights
• Beautiful, private, peaceful & secure community 🍃

• Modern Nordic-style design

• Surrounded by mountain views

• Clubhouse facilities

• Communal swimming pool

• Fitness center
📌 Property Details
• Usable Area: 148 sq.m.

• 4 Bedrooms

• 3 Bathrooms

• 1 Dining Area

• 1 Kitchen

• 2 Parking Spaces
📄 Rental Terms
• Minimum 1-year contract

• 2 months security deposit

• 1 month advance rent
✨ Ready to move into this beautiful brand-new home in a quiet natural setting?
📩 For private viewing, please contact K.Thanya

📱 Whatsapp: wa.me/66659594299

📲 LINE ID: https://line.me/ti/p/7Cr_f-bvBX

🌐 Facebook Page: https://www.facebook.com/share/17zfFD16u2/?mibextid=wwXIfr
#AnasiriPaklok #HouseForRentPhuket #PaklokPhuket #PhuketRental #PhuketProperty #NordicStyleHome #PhuketRealEstate","February 13, 2026 11:15 AM",Not started,,
thalang,Pool Villa,monstera,owner,,,,,,https://www.facebook.com/share/p/1Bbr4dQJ7w/,,17.9," DISCOVER YOUR FUTURE HOME UWC – Thanyapura, Thalang, PhuketWhere modern elegance meets nature-inspired living.Set in a peaceful mountain-surrounded area, this villa offers a private and serene escape — yet remains close to one of Phuket’s most prestigious school zones. Prime Location | Private Pool | Exclusive Design Special Pre-Sale Price Starting from 17.9 MB Unit size from 360 SQ.M 3 Bedrooms 4 Bathrooms For private viewing, please contact K.Thanya Whatsapp: https://wa.me/66659594299?fbclid=IwZXh0bgNhZW0CMTAAYnJpZBExdnhCY3RUeHBic0o2elNzSnNydGMGYXBwX2lkEDIyMjAzOTE3ODgyMDA4OTIAAR42jFURxE33UVffP5tvEWFaEuYaB2SDeBdUL7x1P3FFcekvFu91ZuG-3AYSQQ_aem_M5nndfhEwbFiQPeZSYszKQ LINE ID: https://line.me/ti/p/7Cr_f-bvBX?fbclid=IwZXh0bgNhZW0CMTAAYnJpZBExdnhCY3RUeHBic0o2elNzSnNydGMGYXBwX2lkEDIyMjAzOTE3ODgyMDA4OTIAAR42jFURxE33UVffP5tvEWFaEuYaB2SDeBdUL7x1P3FFcekvFu91ZuG-3AYSQQ_aem_M5nndfhEwbFiQPeZSYszKQ#phuket#phuketrealestate#phuketproperty#phuketvilla#phuketluxuryvilla#phuketforsale#thailandrealestate#thailandproperty#poolvilla#poolvillaphuket#luxuryhome#luxuryvilla#luxuryproperty#investmentproperty#propertyforsale#realestateinvesting#uwcthailand","December 6, 2025 11:31 PM",Not started,,